{
    "creators": [
        {
            "name": "Wang, Yuan",
            "affiliation": "College of Chemical Engineering, Qinghai University"
        },
        {
            "name": "Chen, Mengyue",
            "affiliation": "College of Chemical Engineering, Qinghai University"
        },
        {
            "name": "Tian, Jingwei",
            "affiliation": "College of Chemical Engineering, Qinghai University"
        },
        {
            "name": "Zhang, Weidong",
            "affiliation": "College of Chemical Engineering, Qinghai University",
            "email": "weidzhang1208@126.com"
        },
        {
            "name": "Liu, Dahuan",
            "affiliation": "College of Chemical Engineering, Qinghai University",
            "email": "liudh@mail.buct.edu.cn"
        }
    ],
    "title": "A Data-Driven Predictive Model for Solubility: A Case Study of the NaCl-Na₂SO₄-H₂O System",
    "description": "This repository contains a solubility prediction model combining Weighted Local Outlier Factor (WLOF) and Deep Ensemble Neural Network (DENS) for the NaCl-Na₂SO₄-H₂O ternary system. The method significantly improves solubility prediction accuracy through anomaly detection techniques and ensemble learning approaches, demonstrating excellent predictive performance across a temperature range from -20°C to 150°C.",
    "access_right": "open",
    "license": "MIT",
    "keywords": [
        "solubility prediction",
        "deep learning",
        "anomaly detection",
        "salt-water system",
        "WLOF",
        "DENS",
        "Bayesian optimization",
        "ensemble neural network"
    ],
    "upload_type": "software",
    "language": "eng",
    "related_identifiers": [
        {
            "identifier": "https://github.com/username/NaCl-Na2SO4-H2O-Solubility-Prediction",
            "relation": "isSupplementTo",
            "resource_type": "software"
        }
    ]
}
